Unnamed: 0,name,Gender,Eye color,Race,Hair color,Publisher,Skin color,Alignment
1,Abe Sapien,Male,blue,Icthyo Sapien,No Hair,Dark Horse Comics,blue,good
2,Abin Sur,Male,blue,Ungaran,No Hair,DC Comics,red,good
4,Abraxas,Male,blue,Cosmic Entity,Black,Marvel Comics,-,bad
5,Absorbing Man,Male,blue,Human,No Hair,Marvel Comics,-,bad
6,Adam Monroe,Male,blue,-,Blond,NBC - Heroes,-,good
7,Adam Strange,Male,blue,Human,Blond,DC Comics,-,good
8,Agent 13,Female,blue,-,Blond,Marvel Comics,-,good
9,Agent Bob,Male,brown,Human,Brown,Marvel Comics,-,good
10,Agent Zero,Male,-,-,-,Marvel Comics,-,good
11,Air-Walker,Male,blue,-,White,Marvel Comics,-,bad
12,Ajax,Male,brown,Cyborg,Black,Marvel Comics,-,bad
13,Alan Scott,Male,blue,-,Blond,DC Comics,-,good
14,Alex Mercer,Male,-,Human,-,Wildstorm,-,bad
15,Alex Woolsly,Male,-,-,-,NBC - Heroes,-,good
16,Alfred Pennyworth,Male,blue,Human,Black,DC Comics,-,good
17,Alien,Male,-,Xenomorph XX121,No Hair,Dark Horse Comics,black,bad
18,Allan Quatermain,Male,-,-,-,Wildstorm,-,good
19,Amazo,Male,red,Android,-,DC Comics,-,bad
20,Ammo,Male,brown,Human,Black,Marvel Comics,-,bad
21,Ando Masahashi,Male,-,-,-,NBC - Heroes,-,good
22,Angel,Male,blue,-,Blond,Marvel Comics,-,good
23,Angel,Male,-,Vampire,-,Dark Horse Comics,-,good
24,Angel Dust,Female,yellow,Mutant,Black,Marvel Comics,-,good
25,Angel Salvadore,Female,brown,-,Black,Marvel Comics,-,good
26,Angela,Female,-,-,-,Image Comics,-,bad
27,Animal Man,Male,blue,Human,Blond,DC Comics,-,good
28,Annihilus,Male,green,-,No Hair,Marvel Comics,-,bad
29,Ant-Man,Male,blue,Human,Blond,Marvel Comics,-,good
30,Ant-Man II,Male,blue,Human,Blond,Marvel Comics,-,good
31,Anti-Monitor,Male,yellow,God / Eternal,No Hair,DC Comics,-,bad
32,Anti-Spawn,Male,-,-,-,Image Comics,-,bad
33,Anti-Venom,Male,blue,Symbiote,Blond,Marvel Comics,-,-
34,Apocalypse,Male,red,Mutant,Black,Marvel Comics,grey,bad
35,Aquababy,Male,blue,-,Blond,DC Comics,-,good
36,Aqualad,Male,blue,Atlantean,Black,DC Comics,-,good
37,Aquaman,Male,blue,Atlantean,Blond,DC Comics,-,good
38,Arachne,Female,blue,Human,Blond,Marvel Comics,-,good
39,Archangel,Male,blue,Mutant,Blond,Marvel Comics,blue,good
40,Arclight,Female,violet,-,Purple,Marvel Comics,-,bad
41,Ardina,Female,white,Alien,Orange,Marvel Comics,gold,good
42,Ares,Male,brown,-,Brown,Marvel Comics,-,good
43,Ariel,Female,purple,-,Pink,Marvel Comics,-,good
44,Armor,Female,black,-,Black,Marvel Comics,-,good
45,Arsenal,Male,-,Human,-,DC Comics,-,good
46,Astro Boy,Male,brown,-,Black,Marvel Comics,-,good
47,Atlas,Male,brown,Mutant,Red,Marvel Comics,-,good
48,Atlas,Male,blue,God / Eternal,Brown,DC Comics,-,bad
49,Atom,Male,blue,-,Red,DC Comics,-,good
50,Atom,Male,-,-,-,DC Comics,-,good
51,Atom Girl,Female,black,-,Black,DC Comics,-,good
52,Atom II,Male,brown,Human,Auburn,DC Comics,-,good
53,Atom III,Male,-,-,Red,DC Comics,-,good
54,Atom IV,Male,brown,-,Black,DC Comics,-,good
55,Aurora,Female,blue,Mutant,Black,Marvel Comics,-,good
56,Azazel,Male,yellow,Neyaphem,Black,Marvel Comics,red,bad
57,Azrael,Male,brown,Human,Black,DC Comics,-,good
58,Aztar,Male,-,-,-,DC Comics,-,good
59,Bane,Male,-,Human,-,DC Comics,-,bad
60,Banshee,Male,green,Human,Strawberry Blond,Marvel Comics,-,good
61,Bantam,Male,brown,-,Black,Marvel Comics,-,good
62,Batgirl,Female,-,-,-,DC Comics,-,good
63,Batgirl,Female,green,Human,Red,DC Comics,-,good
64,Batgirl III,Female,-,-,-,DC Comics,-,good
65,Batgirl IV,Female,green,Human,Black,DC Comics,-,good
66,Batgirl V,Female,-,-,-,DC Comics,-,good
67,Batgirl VI,Female,blue,-,Blond,DC Comics,-,good
68,Batman,Male,blue,Human,black,DC Comics,-,good
69,Batman,Male,blue,Human,Black,DC Comics,-,good
70,Batman II,Male,blue,Human,Black,DC Comics,-,good
71,Battlestar,Male,brown,-,Black,Marvel Comics,-,good
72,Batwoman V,Female,green,Human,Red,DC Comics,-,good
73,Beak,Male,black,-,White,Marvel Comics,-,good
74,Beast,Male,blue,Mutant,Blue,Marvel Comics,blue,good
75,Beast Boy,Male,green,Human,Green,DC Comics,green,good
76,Beetle,Male,-,-,-,Marvel Comics,-,bad
77,Ben 10,Male,-,-,-,DC Comics,-,good
78,Beta Ray Bill,Male,-,-,No Hair,Marvel Comics,-,good
79,Beyonder,Male,-,God / Eternal,-,Marvel Comics,-,good
80,Big Barda,Female,blue,New God,Black,DC Comics,-,bad
81,Big Daddy,Male,-,-,-,Icon Comics,-,good
82,Big Man,Male,blue,-,Brown,Marvel Comics,-,bad
83,Bill Harken,Male,-,Alpha,-,SyFy,-,good
84,Billy Kincaid,Male,-,-,-,Image Comics,-,bad
85,Binary,Female,blue,-,Blond,Marvel Comics,-,good
86,Bionic Woman,Female,blue,Cyborg,Black,Marvel Comics,-,good
87,Bird-Brain,-,-,-,-,Marvel Comics,-,good
88,Bird-Man,Male,-,Human,-,Marvel Comics,-,bad
89,Bird-Man II,Male,-,Human,-,Marvel Comics,-,bad
90,Birdman,Male,-,God / Eternal,-,Hanna-Barbera,-,good
91,Bishop,Male,brown,Mutant,No Hair,Marvel Comics,-,good
92,Bizarro,Male,black,Bizarro,Black,DC Comics,white,neutral
93,Black Abbott,Male,red,-,Black,Marvel Comics,-,bad
94,Black Adam,Male,brown,-,Black,DC Comics,-,bad
95,Black Bolt,Male,blue,Inhuman,Black,Marvel Comics,-,good
96,Black Canary,Female,blue,Human,Blond,DC Comics,-,good
97,Black Canary,Female,blue,Metahuman,Blond,DC Comics,-,good
98,Black Cat,Female,green,Human,Blond,Marvel Comics,-,good
99,Black Flash,Male,-,God / Eternal,-,DC Comics,-,neutral
100,Black Goliath,Male,-,-,-,Marvel Comics,-,good
101,Black Knight III,Male,brown,Human,Brown,Marvel Comics,-,good
102,Black Lightning,Male,brown,-,No Hair,DC Comics,-,good
103,Black Mamba,Female,green,-,Black,Marvel Comics,-,bad
104,Black Manta,Male,black,Human,No Hair,DC Comics,-,bad
105,Black Panther,Male,brown,Human,Black,Marvel Comics,-,good
106,Black Widow,Female,green,Human,Auburn,Marvel Comics,-,good
107,Black Widow II,Female,blue,-,Blond,Marvel Comics,-,good
108,Blackout,Male,red,Demon,White,Marvel Comics,white,bad
109,Blackwing,Male,blue,-,Black,Marvel Comics,-,bad
110,Blackwulf,Male,red,Alien,White,Marvel Comics,-,-
111,Blade,Male,brown,Vampire,Black,Marvel Comics,-,good
112,Blaquesmith,-,black,-,No Hair,Marvel Comics,-,good
113,Bling!,Female,-,-,-,Marvel Comics,-,good
114,Blink,Female,green,Mutant,Magenta,Marvel Comics,pink,good
115,Blizzard,Male,-,-,-,Marvel Comics,-,bad
116,Blizzard,Male,-,-,Brown,Marvel Comics,-,bad
117,Blizzard II,Male,brown,-,Brown,Marvel Comics,-,bad
118,Blob,Male,brown,-,Brown,Marvel Comics,-,bad
120,Bloodhawk,Male,black,Mutant,No Hair,Marvel Comics,-,good
121,Bloodwraith,Male,white,-,No Hair,Marvel Comics,-,bad
122,Blue Beetle,Male,blue,-,Brown,DC Comics,-,good
123,Blue Beetle,Male,-,-,-,DC Comics,-,good
124,Blue Beetle II,Male,blue,-,Brown,DC Comics,-,good
125,Blue Beetle III,Male,brown,Human,Black,DC Comics,-,good
126,Boba Fett,Male,brown,Human / Clone,Black,George Lucas,-,bad
127,Bolt,Male,-,-,-,Marvel Comics,-,good
128,Bomb Queen,Female,-,-,-,Image Comics,-,bad
129,Boom-Boom,Female,blue,Mutant,Blond,Marvel Comics,-,good
130,Boomer,Female,-,-,-,Marvel Comics,-,good
131,Booster Gold,Male,blue,Human,Blond,DC Comics,-,good
132,Box,Male,-,-,-,Marvel Comics,-,good
133,Box III,-,blue,-,Blond,Marvel Comics,-,good
134,Box IV,-,brown,-,Brown / Black,Marvel Comics,-,good
135,Brainiac,Male,green,Android,No Hair,DC Comics,green,bad
136,Brainiac 5,Male,green,-,Blond,DC Comics,-,good
137,Brother Voodoo,Male,brown,Human,Brown / White,Marvel Comics,-,good
138,Brundlefly,Male,-,Mutant,-,Marvel Comics,-,-
139,Buffy,Female,green,Human,Blond,Dark Horse Comics,-,good
140,Bullseye,Male,blue,Human,blond,Marvel Comics,-,bad
141,Bumblebee,Female,brown,Human,Black,DC Comics,-,good
142,Bumbleboy,Male,-,-,-,Marvel Comics,-,good
143,Bushido,Male,-,Human,-,DC Comics,-,good
144,Cable,Male,blue,Mutant,White,Marvel Comics,-,good
145,Callisto,Female,blue,-,Black,Marvel Comics,-,bad
146,Cameron Hicks,Male,-,Alpha,-,SyFy,-,good
147,Cannonball,Male,blue,-,Blond,Marvel Comics,-,good
148,Captain America,Male,blue,Human,blond,Marvel Comics,-,good
149,Captain Atom,Male,blue,Human / Radiation,Silver,DC Comics,silver,good
150,Captain Britain,Male,blue,Human,Blond,Marvel Comics,-,good
151,Captain Cold,Male,brown,Human,Brown,DC Comics,-,neutral
152,Captain Epic,Male,blue,-,Brown,Team Epic TV,-,good
153,Captain Hindsight,Male,-,Human,Black,South Park,-,good
154,Captain Mar-vell,Male,blue,-,Blond,Marvel Comics,-,good
155,Captain Marvel,Female,blue,Human-Kree,Blond,Marvel Comics,-,good
156,Captain Marvel,Male,blue,Human,Black,DC Comics,-,good
157,Captain Marvel II,Male,blue,Human,Black,DC Comics,-,good
158,Captain Midnight,Male,-,Human,-,Dark Horse Comics,-,good
159,Captain Planet,Male,red,God / Eternal,Green,Marvel Comics,-,good
160,Captain Universe,-,-,God / Eternal,-,Marvel Comics,-,good
161,Carnage,Male,green,Symbiote,Red,Marvel Comics,-,bad
162,Cat,Female,blue,-,Blond,Marvel Comics,-,good
163,Cat II,Female,-,-,-,Marvel Comics,-,good
164,Catwoman,Female,green,Human,Black,DC Comics,-,good
165,Cecilia Reyes,-,brown,-,Brown,Marvel Comics,-,good
166,Century,Male,white,Alien,White,Marvel Comics,grey,good
167,Cerebra,Female,-,Mutant,-,Marvel Comics,-,good
168,Chamber,Male,brown,Mutant,Brown,Marvel Comics,-,good
169,Chameleon,Male,-,-,-,DC Comics,-,bad
170,Changeling,Male,brown,-,Black,Marvel Comics,-,bad
171,Cheetah,Female,green,Human,Blond,DC Comics,-,bad
172,Cheetah II,Female,green,Human,Brown,DC Comics,-,bad
173,Cheetah III,Female,brown,Human,Brown,DC Comics,-,bad
174,Chromos,Male,brown,-,Red / Grey,Team Epic TV,-,bad
175,Chuck Norris,Male,-,-,-,Marvel Comics,-,good
176,Citizen Steel,Male,green,Human,Red,DC Comics,-,good
177,Claire Bennet,Female,blue,-,Blond,NBC - Heroes,-,good
178,Clea,-,-,-,White,Marvel Comics,-,good
179,Cloak,Male,brown,-,black,Marvel Comics,-,good
180,Clock King,Male,blue,Human,Black,DC Comics,-,bad
181,Cogliostro,Male,-,-,-,Image Comics,-,bad
182,Colin Wagner,Male,grey,-,Brown,HarperCollins,-,good
183,Colossal Boy,Male,-,-,-,DC Comics,-,good
184,Colossus,Male,silver,Mutant,Black,Marvel Comics,-,good
185,Copycat,Female,red,Mutant,White,Marvel Comics,blue,neutral
186,Corsair,Male,brown,-,Brown,Marvel Comics,-,good
187,Cottonmouth,Male,brown,Human,Black,Marvel Comics,-,bad
188,Crimson Crusader,Male,blue,-,Strawberry Blond,Marvel Comics,-,good
189,Crimson Dynamo,Male,brown,-,No Hair,Marvel Comics,-,good
190,Crystal,Female,green,Inhuman,Red,Marvel Comics,-,good
191,Curse,Male,-,-,-,Image Comics,-,bad
192,Cy-Gor,Male,-,-,-,Image Comics,-,bad
193,Cyborg,Male,brown,Cyborg,Black,DC Comics,-,good
194,Cyborg Superman,Male,blue,Cyborg,Black,DC Comics,-,bad
195,Cyclops,Male,brown,Mutant,Brown,Marvel Comics,-,good
196,Cypher,-,blue,-,Blond,Marvel Comics,-,good
197,Dagger,Female,blue,-,Blond,Marvel Comics,-,good
198,Danny Cooper,Male,brown,-,Blond,HarperCollins,-,good
199,Daphne Powell,Female,-,-,-,ABC Studios,-,good
200,Daredevil,Male,blue,Human,Red,Marvel Comics,-,good
201,Darkhawk,Male,brown,Human,Brown,Marvel Comics,-,good
202,Darkman,Male,-,-,-,Universal Studios,-,good
204,Darkside,-,-,-,-,Marvel Comics,-,bad
205,Darkstar,Female,brown,Mutant,Blond,Marvel Comics,-,good
206,Darth Maul,Male,yellow / red,Dathomirian Zabrak,-,George Lucas,red / black,bad
207,Darth Vader,Male,yellow,Cyborg,No Hair,George Lucas,-,bad
208,Dash,Male,blue,Human,Blond,Dark Horse Comics,-,good
209,Data,Male,yellow,Android,Brown,Star Trek,-,good
210,Dazzler,Female,blue,Mutant,Blond,Marvel Comics,-,good
211,Deadman,Male,blue,Human,Black,DC Comics,-,good
212,Deadpool,Male,brown,Mutant,No Hair,Marvel Comics,-,neutral
213,Deadshot,Male,brown,Human,Brown,DC Comics,-,bad
214,Deathlok,Male,brown,Cyborg,Grey,Marvel Comics,-,good
215,Deathstroke,Male,blue,Human,White,DC Comics,-,neutral
216,Demogoblin,Male,red,Demon,No Hair,Marvel Comics,-,bad
218,Diamondback,Male,brown,Human,Black,Marvel Comics,-,bad
219,DL Hawkins,Male,-,-,-,NBC - Heroes,-,good
220,Doc Samson,Male,blue,Human / Radiation,Green,Marvel Comics,-,good
221,Doctor Doom,Male,brown,Human,Brown,Marvel Comics,-,bad
222,Doctor Doom II,Male,brown,-,Brown,Marvel Comics,-,bad
223,Doctor Fate,Male,blue,Human,Blond,DC Comics,-,good
224,Doctor Octopus,Male,brown,Human,Brown,Marvel Comics,-,bad
225,Doctor Strange,Male,grey,Human,Black,Marvel Comics,-,good
226,Domino,Female,blue,Human,Black,Marvel Comics,white,good
227,Donatello,Male,green,Mutant,No Hair,IDW Publishing,green,good
228,Donna Troy,Female,blue,Amazon,Black,DC Comics,-,good
230,Doppelganger,Male,white,-,No Hair,Marvel Comics,-,bad
231,Dormammu,Male,yellow,-,No Hair,Marvel Comics,-,bad
232,Dr Manhattan,Male,white,Human / Cosmic,No Hair,DC Comics,blue,good
233,Drax the Destroyer,Male,red,Human / Altered,No Hair,Marvel Comics,green,good
234,Ego,-,-,-,-,Marvel Comics,-,bad
235,Elastigirl,Female,brown,Human,Brown,Dark Horse Comics,-,good
236,Electro,Male,blue,Human,Auburn,Marvel Comics,-,bad
237,Elektra,Female,blue,Human,Black,Marvel Comics,-,good
238,Elle Bishop,Female,blue,-,Blond,NBC - Heroes,-,bad
239,Elongated Man,Male,blue,-,Red,DC Comics,-,good
240,Emma Frost,Female,blue,-,Blond,Marvel Comics,-,good
241,Enchantress,Female,blue,Human,Blond,DC Comics,-,good
242,Energy,Female,-,-,-,HarperCollins,-,good
243,ERG-1,Male,-,-,-,DC Comics,-,good
244,Ethan Hunt,Male,brown,Human,Brown,Marvel Comics,-,good
245,Etrigan,Male,red,Demon,No Hair,DC Comics,yellow,neutral
246,Evil Deadpool,Male,white,Mutant,Red,Marvel Comics,-,bad
247,Evilhawk,Male,red,Alien,Black,Marvel Comics,green,bad
248,Exodus,Male,blue,Mutant,Black,Marvel Comics,red,bad
249,Fabian Cortez,-,blue,-,Brown,Marvel Comics,-,bad
250,Falcon,Male,brown,Human,Black,Marvel Comics,-,good
251,Fallen One II,Male,black,-,Blue,Marvel Comics,-,bad
252,Faora,Female,-,Kryptonian,-,DC Comics,-,bad
253,Feral,-,yellow (without irises),-,Orange / White,Marvel Comics,-,good
254,Fighting Spirit,Female,-,-,Red,DC Comics,-,good
256,Firebird,Female,brown,-,Black,Marvel Comics,-,good
257,Firelord,-,white,-,Yellow,Marvel Comics,-,good
258,Firestar,Female,green,Mutant,Red,Marvel Comics,-,good
259,Firestorm,Male,brown,-,Black,DC Comics,-,good
260,Firestorm,Male,blue,Human,Auburn,DC Comics,-,good
261,Fixer,-,red,-,No Hair,Marvel Comics,-,bad
262,Flash,Male,blue,Human,Brown / White,DC Comics,-,good
263,Flash Gordon,Male,-,-,-,Marvel Comics,-,good
264,Flash II,Male,blue,Human,Blond,DC Comics,-,good
265,Flash III,Male,-,Human,-,DC Comics,-,good
266,Flash IV,Male,yellow,Human,Auburn,DC Comics,-,good
267,Forge,-,brown,-,Black,Marvel Comics,-,good
268,Franklin Richards,Male,blue,Mutant,Blond,Marvel Comics,-,good
269,Franklin Storm,-,blue,-,Grey,Marvel Comics,-,good
270,Frenzy,Female,brown,-,Black,Marvel Comics,-,bad
271,Frigga,Female,blue,-,White,Marvel Comics,-,good
273,Gambit,Male,red,Mutant,Brown,Marvel Comics,-,good
274,Gamora,Female,yellow,Zen-Whoberian,Black,Marvel Comics,green,good
275,Garbage Man,Male,-,Mutant,-,DC Comics,-,good
276,Gary Bell,Male,-,Alpha,-,SyFy,-,good
277,General Zod,Male,black,Kryptonian,Black,DC Comics,-,bad
278,Genesis,Male,blue,-,Blond,Marvel Comics,-,good
279,Ghost Rider,Male,red,Demon,No Hair,Marvel Comics,-,good
280,Ghost Rider II,-,-,-,-,Marvel Comics,-,good
281,Giant-Man,Male,-,Human,-,Marvel Comics,-,good
282,Giant-Man II,Male,-,-,-,Marvel Comics,-,good
284,Gladiator,Male,blue,Strontian,Blue,Marvel Comics,purple,neutral
285,Goblin Queen,Female,green,-,Red,Marvel Comics,-,bad
286,Godzilla,-,-,Kaiju,-,Marvel Comics,grey,bad
287,Gog,Male,-,-,-,DC Comics,-,bad
288,Goku,Male,-,Saiyan,-,Shueisha,-,good
289,Goliath,Male,-,-,-,Marvel Comics,-,good
290,Goliath,Male,-,Human,-,Marvel Comics,-,good
291,Goliath,Male,-,Human,-,Marvel Comics,-,good
292,Goliath IV,Male,brown,-,Black,Marvel Comics,-,good
293,Gorilla Grodd,Male,yellow,Gorilla,Black,DC Comics,-,bad
294,Granny Goodness,Female,blue,-,White,DC Comics,-,bad
295,Gravity,Male,blue,Human,Brown,Marvel Comics,-,good
296,Greedo,Male,purple,Rodian,-,George Lucas,green,bad
297,Green Arrow,Male,green,Human,Blond,DC Comics,-,good
298,Green Goblin,Male,blue,Human,Auburn,Marvel Comics,-,bad
299,Green Goblin II,Male,blue,-,Auburn,Marvel Comics,-,bad
300,Green Goblin III,Male,-,-,-,Marvel Comics,-,good
301,Green Goblin IV,Male,green,-,Brown,Marvel Comics,-,good
303,Guardian,Male,brown,Human,Black,Marvel Comics,-,good
304,Guy Gardner,Male,blue,Human-Vuldarian,Red,DC Comics,-,good
305,Hal Jordan,Male,brown,Human,Brown,DC Comics,-,good
306,Han Solo,Male,brown,Human,Brown,George Lucas,-,good
307,Hancock,Male,brown,Human,Black,Sony Pictures,-,good
308,Harley Quinn,Female,blue,Human,Blond,DC Comics,-,bad
309,Harry Potter,Male,green,Human,Black,J. K. Rowling,-,good
310,Havok,Male,blue,Mutant,Blond,Marvel Comics,-,good
311,Hawk,Male,red,-,Brown,DC Comics,-,good
312,Hawkeye,Male,blue,Human,Blond,Marvel Comics,-,good
313,Hawkeye II,Female,blue,Human,Black,Marvel Comics,-,good
314,Hawkgirl,Female,green,-,Red,DC Comics,-,good
315,Hawkman,Male,blue,-,Brown,DC Comics,-,good
316,Hawkwoman,Female,green,-,Red,DC Comics,-,good
317,Hawkwoman II,Female,-,-,-,DC Comics,-,good
318,Hawkwoman III,Female,blue,-,Red,DC Comics,-,good
319,Heat Wave,Male,blue,Human,No Hair,DC Comics,-,bad
320,Hela,Female,green,Asgardian,Black,Marvel Comics,-,bad
321,Hellboy,Male,gold,Demon,Black,Dark Horse Comics,-,good
322,Hellcat,Female,blue,Human,Red,Marvel Comics,-,good
323,Hellstorm,Male,red,-,Red,Marvel Comics,-,good
324,Hercules,Male,blue,Demi-God,Brown,Marvel Comics,-,good
325,Hiro Nakamura,Male,-,-,-,NBC - Heroes,-,good
326,Hit-Girl,Female,-,Human,-,Icon Comics,-,good
327,Hobgoblin,Male,blue,-,Grey,Marvel Comics,-,bad
328,Hollow,Female,blue,-,Red,Marvel Comics,-,good
329,Hope Summers,Female,green,-,Red,Marvel Comics,-,good
330,Howard the Duck,Male,brown,-,Yellow,Marvel Comics,-,good
332,Human Torch,Male,blue,Human / Radiation,Blond,Marvel Comics,-,good
333,Huntress,Female,blue,-,Black,DC Comics,-,good
334,Husk,Female,blue,Mutant,Blond,Marvel Comics,-,good
335,Hybrid,Male,brown,Symbiote,Black,Marvel Comics,-,good
336,Hydro-Man,Male,brown,-,Brown,Marvel Comics,-,bad
337,Hyperion,Male,blue,Eternal,Red,Marvel Comics,-,good
338,Iceman,Male,brown,Mutant,Brown,Marvel Comics,-,good
339,Impulse,Male,yellow,Human,Auburn,DC Comics,-,good
340,Indiana Jones,Male,-,Human,-,George Lucas,-,good
341,Indigo,Female,-,Alien,Purple,DC Comics,-,neutral
342,Ink,Male,blue,Mutant,No Hair,Marvel Comics,-,good
343,Invisible Woman,Female,blue,Human / Radiation,Blond,Marvel Comics,-,good
344,Iron Fist,Male,blue,Human,Blond,Marvel Comics,-,good
345,Iron Man,Male,blue,Human,Black,Marvel Comics,-,good
346,Iron Monger,Male,blue,-,No Hair,Marvel Comics,-,bad
347,Isis,Female,-,-,-,DC Comics,-,good
348,Jack Bauer,Male,-,-,-,Marvel Comics,-,good
349,Jack of Hearts,Male,blue / white,Human,Brown,Marvel Comics,-,good
350,Jack-Jack,Male,blue,Human,Brown,Dark Horse Comics,-,good
351,James Bond,Male,blue,Human,Blond,Titan Books,-,good
352,James T. Kirk,Male,hazel,Human,Brown,Star Trek,-,good
353,Jar Jar Binks,Male,yellow,Gungan,-,George Lucas,orange / white,good
354,Jason Bourne,Male,-,Human,-,Marvel Comics,-,good
355,Jean Grey,Female,green,Mutant,Red,Marvel Comics,-,good
356,Jean-Luc Picard,Male,-,Human,-,Star Trek,-,good
357,Jennifer Kale,Female,blue,-,Blond,Marvel Comics,-,good
358,Jesse Quick,Female,-,Human,-,DC Comics,-,good
359,Jessica Cruz,Female,green,Human,Brown,DC Comics,-,good
360,Jessica Jones,Female,brown,Human,Brown,Marvel Comics,-,good
361,Jessica Sanders,Female,-,-,-,NBC - Heroes,-,good
362,Jigsaw,Male,blue,-,Black,Marvel Comics,-,bad
363,Jim Powell,Male,-,-,-,ABC Studios,-,good
364,JJ Powell,Male,-,-,-,ABC Studios,-,good
365,Johann Krauss,Male,-,-,-,Dark Horse Comics,-,good
366,John Constantine,Male,blue,Human,Blond,DC Comics,-,good
367,John Stewart,Male,green,Human,Black,DC Comics,-,good
368,John Wraith,Male,brown,-,Black,Marvel Comics,-,good
369,Joker,Male,green,Human,Green,DC Comics,white,bad
370,Jolt,Female,blue,-,Black,Marvel Comics,-,good
371,Jubilee,Female,red,Mutant,Black,Marvel Comics,-,good
372,Judge Dredd,Male,-,Human,-,Rebellion,-,good
374,Junkpile,Male,-,Mutant,-,Marvel Comics,-,bad
375,Justice,Male,hazel,Human,Brown,Marvel Comics,-,good
376,Jyn Erso,Female,green,Human,Brown,George Lucas,-,good
377,K-2SO,Male,white,Android,No Hair,George Lucas,gray,good
378,Kang,Male,brown,-,Brown,Marvel Comics,-,bad
379,Karate Kid,Male,brown,Human,Brown,DC Comics,-,good
380,Kathryn Janeway,Female,-,Human,-,Star Trek,-,good
381,Katniss Everdeen,Female,-,Human,-,Marvel Comics,-,good
382,Kevin 11,Male,-,Human,Black,DC Comics,-,good
383,Kick-Ass,Male,blue,Human,Blond,Icon Comics,-,good
384,Kid Flash,Male,green,Human,Red,DC Comics,-,good
385,Kid Flash II,Male,-,-,-,DC Comics,-,good
386,Killer Croc,Male,red,Metahuman,No Hair,DC Comics,green,bad
387,Killer Frost,Female,blue,Human,Blond,DC Comics,blue,bad
388,Kilowog,Male,red,Bolovaxian,No Hair,DC Comics,pink,good
389,King Kong,Male,yellow,Animal,Black,Marvel Comics,-,good
390,King Shark,Male,black,Animal,No Hair,DC Comics,-,bad
391,Kingpin,Male,blue,Human,No Hair,Marvel Comics,-,bad
392,Klaw,Male,red,Human,No Hair,Marvel Comics,red,bad
393,Kool-Aid Man,Male,black,-,No Hair,Marvel Comics,red,good
394,Kraven II,Male,brown,Human,Black,Marvel Comics,-,bad
395,Kraven the Hunter,Male,brown,Human,Black,Marvel Comics,-,bad
396,Krypto,Male,blue,Kryptonian,White,DC Comics,-,good
397,Kyle Rayner,Male,green,Human,Black,DC Comics,-,good
398,Kylo Ren,Male,-,Human,-,George Lucas,-,bad
399,Lady Bullseye,Female,-,-,Black,Marvel Comics,-,bad
400,Lady Deathstrike,Female,brown,Cyborg,Black,Marvel Comics,-,bad
401,Leader,Male,green,-,No Hair,Marvel Comics,-,bad
402,Leech,Male,-,-,-,Marvel Comics,-,good
403,Legion,Male,green / blue,Mutant,Black,Marvel Comics,-,good
404,Leonardo,Male,blue,Mutant,No Hair,IDW Publishing,green,good
405,Lex Luthor,Male,green,Human,No Hair,DC Comics,-,bad
406,Light Lass,Female,blue,-,Red,DC Comics,-,good
407,Lightning Lad,Male,blue,-,Red,DC Comics,-,good
408,Lightning Lord,Male,blue,-,Red,DC Comics,-,bad
409,Living Brain,-,yellow,-,-,Marvel Comics,-,bad
410,Living Tribunal,-,blue,Cosmic Entity,No Hair,Marvel Comics,gold,neutral
411,Liz Sherman,Female,-,-,-,Dark Horse Comics,-,good
412,Lizard,Male,red,Human,No Hair,Marvel Comics,-,bad
413,Lobo,Male,red,Czarnian,Black,DC Comics,blue-white,neutral
414,Loki,Male,green,Asgardian,Black,Marvel Comics,-,bad
415,Longshot,Male,blue,Human,Blond,Marvel Comics,-,good
416,Luke Cage,Male,brown,Human,Black,Marvel Comics,-,good
417,Luke Campbell,Male,-,-,-,NBC - Heroes,-,bad
418,Luke Skywalker,Male,blue,Human,Blond,George Lucas,-,good
419,Luna,Female,-,Human,-,Marvel Comics,-,good
420,Lyja,Female,green,-,Green,Marvel Comics,-,good
421,Mach-IV,Male,brown,-,Brown,Marvel Comics,-,bad
423,Magneto,Male,grey,Mutant,White,Marvel Comics,-,bad
424,Magog,Male,blue,-,Blond,DC Comics,-,good
425,Magus,Male,black,-,-,Marvel Comics,-,bad
426,Man of Miracles,-,blue,God / Eternal,Silver,Image Comics,-,-
427,Man-Bat,Male,brown,Human,Brown,DC Comics,-,neutral
428,Man-Thing,Male,red,-,No Hair,Marvel Comics,green,good
429,Man-Wolf,Male,brown,-,Auburn,Marvel Comics,-,good
430,Mandarin,Male,blue,Human,White,Marvel Comics,-,bad
431,Mantis,Female,green,Human-Kree,Black,Marvel Comics,green,good
432,Martian Manhunter,Male,red,Martian,No Hair,DC Comics,green,good
433,Marvel Girl,Female,green,-,Red,Marvel Comics,-,good
434,Master Brood,Male,blue,-,Black,Team Epic TV,-,good
435,Master Chief,Male,brown,Human / Altered,Brown,Microsoft,-,good
436,Match,Male,black,-,Black,DC Comics,-,bad
437,Matt Parkman,Male,-,-,-,NBC - Heroes,-,good
438,Maverick,Male,blue,-,Black,Marvel Comics,-,good
439,Maxima,Female,brown,-,Red,DC Comics,-,bad
440,Maya Herrera,Female,-,-,-,NBC - Heroes,-,good
441,Medusa,Female,green,Inhuman,Red,Marvel Comics,-,good
442,Meltdown,Female,blue,-,Blond,Marvel Comics,-,good
443,Mephisto,Male,white,-,Black,Marvel Comics,-,bad
444,Mera,Female,blue,Atlantean,Red,DC Comics,-,good
445,Metallo,Male,green,Android,Brown,DC Comics,-,bad
446,Metamorpho,Male,black,-,No Hair,DC Comics,-,good
447,Meteorite,Female,-,-,-,Marvel Comics,-,good
448,Metron,Male,blue,-,Black,DC Comics,-,good
449,Micah Sanders,Male,brown,-,Black,NBC - Heroes,-,good
450,Michelangelo,Male,blue,Mutant,-,IDW Publishing,green,good
451,Micro Lad,Male,grey,-,Brown,DC Comics,-,good
452,Mimic,Male,brown,-,Brown,Marvel Comics,-,good
453,Minna Murray,Female,-,-,-,Wildstorm,-,good
454,Misfit,Female,blue,-,Red,DC Comics,-,good
455,Miss Martian,Female,red,-,Red,DC Comics,-,good
456,Mister Fantastic,Male,brown,Human / Radiation,Brown,Marvel Comics,-,good
457,Mister Freeze,Male,-,Human,-,DC Comics,-,bad
458,Mister Knife,Male,blue,Spartoi,Brown,Marvel Comics,-,bad
459,Mister Mxyzptlk,Male,-,God / Eternal,-,DC Comics,-,bad
460,Mister Sinister,Male,red,Human / Altered,Black,Marvel Comics,-,bad
461,Mister Zsasz,Male,blue,Human,Blond,DC Comics,-,bad
462,Mockingbird,Female,blue,Human,Blond,Marvel Comics,-,good
463,MODOK,Male,white,Cyborg,Brownn,Marvel Comics,-,bad
464,Mogo,Male,-,Planet,-,DC Comics,-,good
465,Mohinder Suresh,Male,-,-,-,NBC - Heroes,-,good
466,Moloch,Male,-,-,-,DC Comics,-,bad
467,Molten Man,Male,gold,-,Gold,Marvel Comics,-,bad
468,Monarch,Male,blue,-,White,DC Comics,-,good
469,Monica Dawson,Female,-,-,-,NBC - Heroes,-,good
470,Moon Knight,Male,brown,Human,Brown,Marvel Comics,-,good
471,Moonstone,Female,blue,-,Blond,Marvel Comics,-,bad
472,Morlun,Male,white / red,-,Black,Marvel Comics,-,bad
473,Morph,Male,white,-,No Hair,Marvel Comics,-,good
474,Moses Magnum,Male,brown,-,Black,Marvel Comics,-,bad
475,Mr Immortal,Male,blue,Mutant,Blond,Marvel Comics,-,good
476,Mr Incredible,Male,blue,Human,Blond,Dark Horse Comics,-,good
477,Ms Marvel II,Female,blue,-,Red,Marvel Comics,-,good
478,Multiple Man,Male,blue,-,Brown,Marvel Comics,-,good
479,Mysterio,Male,brown,Human,No Hair,Marvel Comics,-,bad
480,Mystique,Female,yellow (without irises),Mutant,Red / Orange,Marvel Comics,blue,bad
481,Namor,Male,-,-,-,Marvel Comics,-,good
482,Namor,Male,grey,Atlantean,Black,Marvel Comics,-,good
483,Namora,Female,blue,-,Blond,Marvel Comics,-,good
484,Namorita,Female,blue,-,Blond,Marvel Comics,-,good
485,Naruto Uzumaki,Male,-,Human,-,Shueisha,-,good
486,Nathan Petrelli,Male,brown,-,-,NBC - Heroes,-,good
487,Nebula,Female,blue,Luphomoid,No Hair,Marvel Comics,blue,bad
488,Negasonic Teenage Warhead,Female,black,Mutant,Black,Marvel Comics,-,good
489,Nick Fury,Male,brown,Human,Brown / White,Marvel Comics,-,good
490,Nightcrawler,Male,yellow,-,Indigo,Marvel Comics,-,good
491,Nightwing,Male,blue,Human,Black,DC Comics,-,good
492,Niki Sanders,Female,blue,-,Blond,NBC - Heroes,-,good
493,Nina Theroux,Female,-,Alpha,-,SyFy,-,good
494,Nite Owl II,Male,-,-,-,DC Comics,-,good
495,Northstar,Male,blue,-,Black,Marvel Comics,-,good
496,Nova,Male,brown,Human,Brown,Marvel Comics,-,good
497,Nova,Female,white,Human / Cosmic,Red,Marvel Comics,gold,good
498,Odin,Male,blue,God / Eternal,White,Marvel Comics,-,good
499,Offspring,Male,-,-,-,DC Comics,-,good
500,Omega Red,Male,red,-,Blond,Marvel Comics,-,bad
501,Omniscient,Male,brown,-,Black,Team Epic TV,-,good
502,One Punch Man,Male,-,Human,No Hair,Shueisha,-,good
503,One-Above-All,-,-,Cosmic Entity,-,Marvel Comics,-,neutral
505,Oracle,Female,blue,Human,Red,DC Comics,-,good
506,Osiris,Male,brown,-,Brown,DC Comics,-,good
507,Overtkill,Male,-,-,-,Image Comics,-,bad
508,Ozymandias,Male,blue,Human,Blond,DC Comics,-,bad
509,Parademon,-,-,Parademon,-,DC Comics,-,bad
510,Paul Blart,Male,-,Human,-,Sony Pictures,-,good
511,Penance,-,-,-,-,Marvel Comics,-,good
512,Penance I,Female,-,-,-,Marvel Comics,-,good
513,Penance II,Male,blue,-,Blond,Marvel Comics,-,good
514,Penguin,Male,blue,Human,Black,DC Comics,-,bad
515,Peter Petrelli,Male,-,-,-,NBC - Heroes,-,good
516,Phantom,Male,-,-,-,DC Comics,-,good
517,Phantom Girl,Female,blue,-,Black,DC Comics,-,good
518,Phoenix,Female,green,Mutant,Red,Marvel Comics,-,good
519,Plantman,Male,green,Mutant,Grey,Marvel Comics,-,bad
520,Plastic Lad,Male,-,-,-,DC Comics,-,good
521,Plastic Man,Male,blue,Human,Black,DC Comics,-,good
522,Plastique,Female,blue,-,Red,DC Comics,-,bad
523,Poison Ivy,Female,green,Human,Red,DC Comics,green,bad
524,Polaris,Female,green,Mutant,Green,Marvel Comics,-,good
525,Power Girl,Female,blue,Kryptonian,blond,DC Comics,-,good
526,Power Man,Male,-,Mutant,-,Marvel Comics,-,good
527,Predator,Male,-,Yautja,-,Dark Horse Comics,-,bad
528,Professor X,Male,blue,Mutant,No Hair,Marvel Comics,-,good
529,Professor Zoom,Male,blue,Human,Strawberry Blond,DC Comics,-,bad
530,Proto-Goblin,Male,green,-,Blond,Marvel Comics,-,bad
531,Psylocke,Female,blue,Mutant,Purple,Marvel Comics,-,good
532,Punisher,Male,blue,Human,Black,Marvel Comics,-,good
533,Purple Man,Male,purple,Human,Purple,Marvel Comics,purple,bad
534,Pyro,Male,blue,-,Blond,Marvel Comics,-,bad
535,Q,Male,-,God / Eternal,-,Star Trek,-,-
536,Quantum,Male,-,-,-,HarperCollins,-,good
537,Question,Male,blue,Human,Blond,DC Comics,-,good
538,Quicksilver,Male,blue,Mutant,Silver,Marvel Comics,-,good
539,Quill,Male,brown,-,Brown,Marvel Comics,-,good
540,Ra's Al Ghul,Male,green,Human,Grey,DC Comics,-,bad
541,Rachel Pirzad,Female,-,Alpha,-,SyFy,-,good
542,Rambo,Male,brown,Human,Black,Marvel Comics,-,good
543,Raphael,Male,-,Mutant,No Hair,IDW Publishing,green,good
544,Raven,Female,indigo,Human,Black,DC Comics,-,neutral
545,Ray,Male,green,Human,Red,DC Comics,-,good
546,Razor-Fist II,Male,blue,-,No Hair,Marvel Comics,-,bad
547,Red Arrow,Male,green,Human,Red,DC Comics,-,good
548,Red Hood,Male,blue,Human,Black,DC Comics,-,neutral
550,Red Mist,Male,-,-,-,Icon Comics,-,bad
551,Red Robin,Male,blue,Human,Black,DC Comics,-,good
552,Red Skull,Male,blue,-,No Hair,Marvel Comics,-,bad
553,Red Tornado,Male,green,Android,No Hair,DC Comics,-,good
554,Redeemer II,Male,-,-,-,Image Comics,-,bad
555,Redeemer III,Male,-,-,-,Image Comics,-,bad
556,Renata Soliz,Female,-,-,-,HarperCollins,-,good
557,Rey,Female,hazel,Human,Brown,George Lucas,-,good
558,Rhino,Male,brown,Human / Radiation,Brown,Marvel Comics,-,bad
559,Rick Flag,Male,blue,-,Brown,DC Comics,-,bad
560,Riddler,Male,-,-,-,DC Comics,-,bad
561,Rip Hunter,Male,blue,Human,Blond,DC Comics,-,good
562,Ripcord,Female,green,-,Black,Marvel Comics,-,good
563,Robin,Male,blue,Human,Black,DC Comics,-,good
564,Robin II,Male,blue,Human,Red,DC Comics,-,good
565,Robin III,Male,blue,Human,Black,DC Comics,-,good
566,Robin V,Male,blue,Human,Black,DC Comics,-,good
567,Robin VI,Female,green,Human,Red,DC Comics,-,neutral
568,Rocket Raccoon,Male,brown,Animal,Brown,Marvel Comics,-,good
569,Rogue,Female,green,-,Brown / White,Marvel Comics,-,good
570,Ronin,Male,blue,Human,Blond,Marvel Comics,-,good
571,Rorschach,Male,blue,Human,Red,DC Comics,-,good
572,Sabretooth,Male,amber,Mutant,Blond,Marvel Comics,-,bad
573,Sage,Female,blue,-,Black,Marvel Comics,-,good
574,Sandman,Male,brown,Human,Brown,Marvel Comics,-,neutral
576,Sauron,Male,-,Maiar,-,J. R. R. Tolkien,-,bad
577,Savage Dragon,Male,-,-,-,Image Comics,-,good
578,Scarecrow,Male,blue,Human,Brown,DC Comics,-,bad
579,Scarlet Spider,Male,blue,Human,Blond,Marvel Comics,-,good
580,Scarlet Spider II,Male,brown,Clone,Brown,Marvel Comics,-,good
581,Scarlet Witch,Female,blue,Mutant,Brown,Marvel Comics,-,bad
582,Scorpia,Female,green,-,Red,Marvel Comics,-,bad
583,Scorpion,Male,brown,Human,Brown,Marvel Comics,-,bad
584,Sebastian Shaw,Male,-,Mutant,-,Marvel Comics,-,bad
585,Sentry,Male,blue,Mutant,Blond,Marvel Comics,-,neutral
586,Shadow King,-,red,-,-,Marvel Comics,-,good
587,Shadow Lass,Female,black,Talokite,Black,DC Comics,blue,good
588,Shadowcat,Female,hazel,Mutant,Brown,Marvel Comics,-,good
589,Shang-Chi,Male,brown,Human,Black,Marvel Comics,-,good
590,Shatterstar,Male,brown,-,Red,Marvel Comics,-,good
591,She-Hulk,Female,green,Human,Green,Marvel Comics,-,good
592,She-Thing,Female,blue,Human / Radiation,No Hair,Marvel Comics,-,good
593,Shocker,Male,brown,Human,Brown,Marvel Comics,-,bad
594,Shriek,Female,yellow / blue,-,Black,Marvel Comics,-,good
595,Shrinking Violet,Female,-,-,-,DC Comics,-,good
596,Sif,Female,blue,Asgardian,Black,Marvel Comics,-,good
597,Silk,Female,brown,Human,Black,Marvel Comics,-,good
598,Silk Spectre,Female,-,-,-,DC Comics,-,good
599,Silk Spectre II,Female,-,-,-,DC Comics,-,good
600,Silver Surfer,Male,white,Alien,No Hair,Marvel Comics,silver,good
601,Silverclaw,Female,brown,-,Black,Marvel Comics,-,good
602,Simon Baz,Male,bown,Human,Black,DC Comics,-,good
603,Sinestro,Male,black,Korugaran,Black,DC Comics,red,neutral
604,Siren,Female,blue,Atlantean,Purple,DC Comics,-,bad
605,Siren II,Female,black,-,-,DC Comics,-,bad
606,Siryn,Female,blue,-,Strawberry Blond,Marvel Comics,-,bad
607,Skaar,Male,green,-,Black,Marvel Comics,-,good
608,Snake-Eyes,Male,-,Animal,-,Marvel Comics,-,bad
609,Snowbird,Female,white,-,Blond,Marvel Comics,-,good
610,Sobek,Male,white,-,No Hair,DC Comics,-,good
612,Songbird,Female,green,-,Red / White,Marvel Comics,-,good
613,Space Ghost,Male,-,Human,-,DC Comics,-,good
615,Spectre,Male,white,God / Eternal,No Hair,DC Comics,white,good
616,Speedball,Male,-,-,-,Marvel Comics,-,good
617,Speedy,Male,-,Human,-,DC Comics,-,good
618,Speedy,Female,green,Human,Brown,DC Comics,-,good
619,Spider-Carnage,Male,-,Symbiote,-,Marvel Comics,-,bad
620,Spider-Girl,Female,blue,Human,Brown,Marvel Comics,-,good
621,Spider-Gwen,Female,blue,Human,Blond,Marvel Comics,-,good
622,Spider-Man,Male,hazel,Human,Brown,Marvel Comics,-,good
623,Spider-Man,-,red,Human,Brown,Marvel Comics,-,good
624,Spider-Man,Male,brown,Human,Black,Marvel Comics,-,good
625,Spider-Woman,Female,green,Human,Black,Marvel Comics,-,good
626,Spider-Woman II,Female,-,-,-,Marvel Comics,-,good
627,Spider-Woman III,Female,brown,-,Brown,Marvel Comics,-,good
628,Spider-Woman IV,Female,red,-,White,Marvel Comics,-,bad
629,Spock,Male,brown,Human-Vulcan,Black,Star Trek,-,good
630,Spyke,Male,brown,Mutant,Blond,Marvel Comics,-,good
631,Stacy X,Female,-,-,-,Marvel Comics,-,good
632,Star-Lord,Male,blue,Human-Spartoi,Blond,Marvel Comics,-,good
633,Stardust,Male,-,-,-,Marvel Comics,-,good
634,Starfire,Female,green,Tamaranean,Auburn,DC Comics,orange,good
635,Stargirl,Female,blue,Human,Blond,DC Comics,-,good
636,Static,Male,brown,Mutant,Black,DC Comics,-,good
637,Steel,Male,brown,-,No Hair,DC Comics,-,good
638,Stephanie Powell,Female,-,-,Blond,ABC Studios,-,good
639,Steppenwolf,Male,red,New God,Black,DC Comics,white,bad
640,Storm,Female,blue,Mutant,White,Marvel Comics,-,good
641,Stormtrooper,Male,-,Human,-,George Lucas,-,bad
642,Sunspot,Male,brown,Mutant,black,Marvel Comics,-,good
643,Superboy,Male,blue,-,Black,DC Comics,-,good
644,Superboy-Prime,Male,blue,Kryptonian,Black / Blue,DC Comics,-,bad
645,Supergirl,Female,blue,Kryptonian,Blond,DC Comics,-,good
646,Superman,Male,blue,Kryptonian,Black,DC Comics,-,good
647,Swamp Thing,Male,red,God / Eternal,No Hair,DC Comics,green,bad
648,Swarm,Male,yellow,Mutant,No Hair,Marvel Comics,yellow,bad
649,Sylar,Male,-,-,-,NBC - Heroes,-,bad
650,Synch,Male,brown,-,Black,Marvel Comics,-,good
651,T-1000,Male,-,Android,-,Dark Horse Comics,silver,bad
652,T-800,Male,red,Cyborg,-,Dark Horse Comics,-,bad
653,T-850,Male,red,Cyborg,-,Dark Horse Comics,-,bad
654,T-X,Female,-,Cyborg,-,Dark Horse Comics,silver,bad
655,Taskmaster,Male,brown,Human,Brown,Marvel Comics,-,bad
656,Tempest,Female,brown,-,Black,Marvel Comics,-,good
658,The Cape,Male,-,-,-,Marvel Comics,-,good
659,The Comedian,Male,brown,Human,Black,DC Comics,-,neutral
660,Thing,Male,blue,Human / Radiation,No Hair,Marvel Comics,-,good
661,Thor,Male,blue,Asgardian,Blond,Marvel Comics,-,good
662,Thor Girl,Female,blue,Asgardian,Blond,Marvel Comics,-,good
663,Thunderbird,Male,brown,-,Black,Marvel Comics,-,good
664,Thunderbird II,Male,-,-,-,Marvel Comics,-,good
665,Thunderbird III,Male,brown,-,Black,Marvel Comics,-,good
666,Thunderstrike,Male,blue,-,Blond,Marvel Comics,-,good
667,Thundra,Female,green,-,Red,Marvel Comics,-,good
668,Tiger Shark,Male,grey,Human,No Hair,Marvel Comics,grey,bad
669,Tigra,Female,green,-,Auburn,Marvel Comics,-,good
670,Tinkerer,Male,brown,-,White,Marvel Comics,-,bad
671,Titan,Male,-,-,-,HarperCollins,-,good
672,Toad,Male,black,Mutant,Brown,Marvel Comics,green,neutral
673,Toxin,Male,blue,Symbiote,Brown,Marvel Comics,-,good
674,Toxin,Male,black,Symbiote,Blond,Marvel Comics,-,good
675,Tracy Strauss,Female,-,-,-,NBC - Heroes,-,good
676,Trickster,Male,blue,Human,Blond,DC Comics,-,-
677,Trigon,Male,yellow,God / Eternal,Black,DC Comics,red,bad
678,Triplicate Girl,Female,purple,-,Brown,DC Comics,-,good
679,Triton,Male,green,Inhuman,No Hair,Marvel Comics,green,good
680,Two-Face,Male,-,-,-,DC Comics,-,bad
681,Ultragirl,Female,blue,-,Blond,Marvel Comics,-,good
682,Ultron,Male,red,Android,-,Marvel Comics,silver,bad
683,Utgard-Loki,Male,blue,Frost Giant,White,Marvel Comics,-,bad
684,Vagabond,Female,blue,-,Strawberry Blond,Marvel Comics,-,good
685,Valerie Hart,Female,hazel,-,Black,Team Epic TV,-,good
686,Valkyrie,Female,blue,-,Blond,Marvel Comics,-,good
687,Vanisher,Male,green,-,No Hair,Marvel Comics,-,bad
688,Vegeta,Male,-,Saiyan,Black,Shueisha,-,bad
689,Venom,Male,blue,Symbiote,Strawberry Blond,Marvel Comics,-,bad
690,Venom II,Male,brown,-,Black,Marvel Comics,-,bad
691,Venom III,Male,brown,Symbiote,Brown,Marvel Comics,-,bad
692,Venompool,Male,-,Symbiote,-,Marvel Comics,-,-
693,Vertigo II,Female,blue,-,Silver,Marvel Comics,-,good
694,Vibe,Male,brown,Human,Black,DC Comics,-,good
695,Vindicator,Female,green,Human,Red,Marvel Comics,-,good
696,Vindicator,Male,-,-,-,Marvel Comics,-,good
697,Violator,Male,-,-,-,Image Comics,-,bad
698,Violet Parr,Female,violet,Human,Black,Dark Horse Comics,-,good
699,Vision,Male,gold,Android,No Hair,Marvel Comics,red,good
700,Vision II,-,red,-,No Hair,Marvel Comics,-,good
701,Vixen,Female,amber,Human,Black,DC Comics,-,good
702,Vulcan,Male,black,-,Black,Marvel Comics,-,good
703,Vulture,Male,brown,Human,No Hair,Marvel Comics,-,bad
704,Walrus,Male,blue,Human,Black,Marvel Comics,-,bad
705,War Machine,Male,brown,Human,Brown,Marvel Comics,-,good
706,Warbird,Female,blue,-,Blond,Marvel Comics,-,good
707,Warlock,Male,red,-,Blond,Marvel Comics,-,good
708,Warp,Male,brown,-,Black,DC Comics,-,bad
709,Warpath,Male,brown,Mutant,Black,Marvel Comics,-,good
710,Wasp,Female,blue,Human,Auburn,Marvel Comics,-,good
711,Watcher,Male,-,-,-,Marvel Comics,-,good
712,Weapon XI,Male,-,-,-,Marvel Comics,-,bad
713,White Canary,Female,brown,Human,Black,DC Comics,-,bad
714,White Queen,Female,blue,-,Blond,Marvel Comics,-,good
715,Wildfire,Male,-,-,-,DC Comics,-,good
716,Winter Soldier,Male,brown,Human,Brown,Marvel Comics,-,good
717,Wiz Kid,-,brown,-,Black,Marvel Comics,-,good
719,Wolverine,Male,blue,Mutant,Black,Marvel Comics,-,good
720,Wonder Girl,Female,blue,Demi-God,Blond,DC Comics,-,good
721,Wonder Man,Male,red,-,Black,Marvel Comics,-,good
722,Wonder Woman,Female,blue,Amazon,Black,DC Comics,-,good
723,Wondra,Female,-,-,-,Marvel Comics,-,good
724,Wyatt Wingfoot,Male,brown,-,Black,Marvel Comics,-,good
725,X-23,Female,green,Mutant / Clone,Black,Marvel Comics,-,good
726,X-Man,Male,blue,-,Brown,Marvel Comics,-,good
727,Yellow Claw,Male,blue,-,No Hair,Marvel Comics,-,bad
728,Yellowjacket,Male,blue,Human,Blond,Marvel Comics,-,good
729,Yellowjacket II,Female,blue,Human,Strawberry Blond,Marvel Comics,-,good
730,Ymir,Male,white,Frost Giant,No Hair,Marvel Comics,white,good
731,Yoda,Male,brown,Yoda's species,White,George Lucas,green,good
732,Zatanna,Female,blue,Human,Black,DC Comics,-,good
733,Zoom,Male,red,-,Brown,DC Comics,-,bad
